{
    "loss": 1.9781408309936523,
    "accuracy": 0.7584956884384155
}